File Name,URL,Category,Release Date,Version
Bible Videos,http://meetinghouselibrary.com/?wpdmdl=10944,Bible Videos,3/10/15,1.0.0
Church History,http://meetinghouselibrary.com/?wpdmdl=18548,Church History,3/29/15,1.0.0
Come Follow Me,http://meetinghouselibrary.com/?wpdmdl=10340,Come Follow Me,3/7/15,1.0.0
Family History,http://meetinghouselibrary.com/?wpdmdl=18550,Family History,3/29/15,1.0.0
2016 April General Conference,http://meetinghouselibrary.com/?wpdmdl=20281,2016 April General Conference,6/12/16,1.0.0
2015 October General Conference,http://meetinghouselibrary.com/?wpdmdl=19825,2015 October General Conference,9/27/15,1.0.0
2015 April General Conference,http://meetinghouselibrary.com/?wpdmdl=18546,2015 April General Conference,3/29/15,1.0.0
2014 October General Conference,http://meetinghouselibrary.com/?wpdmdl=18367,2014 October General Conference,3/25/15,1.0.0
2014 April General Conference,http://meetinghouselibrary.com/?wpdmdl=18369,2014 April General Conference,3/25/15,1.0.0
Hasten the Work,http://meetinghouselibrary.com/?wpdmdl=18552,Hasten the Work,3/29/15,1.0.0
Mormon Channel Programs,http://meetinghouselibrary.com/?wpdmdl=18554,Mormon Channel Programs,3/29/15,1.0.0
Mormon Messages,http://meetinghouselibrary.com/?wpdmdl=10854,Mormon Messages,3/6/15,1.0.0
New Testament,http://meetinghouselibrary.com/?wpdmdl=19989,New Testament,10/17/15,1.0.0
Prophets and Apostles,http://meetinghouselibrary.com/?wpdmdl=18556,Prophets and Apostles,3/29/15,1.0.0
Relief Society,http://meetinghouselibrary.com/?wpdmdl=10728,Relief Society,3/6/15,1.0.0
Seminary and Institute,http://meetinghouselibrary.com/?wpdmdl=18558,Seminary and Institute,3/29/15,1.0.0
Topics,http://meetinghouselibrary.com/?wpdmdl=18544,Topics,3/29/15,1.0.0
Youth,http://meetinghouselibrary.com/?wpdmdl=18365,Youth,3/25/15,1.0.0